Solution_ID,Cutler_Index,Rotation_Class,Mirror_Pair,HMAC_Signature
STOMACHION-001,1,1,N,9f655e73a4d832e723c24bd96984a385e6d0881415b2dd3faec9a5e302f09b6d
STOMACHION-002,2,1,Y,ef9e081a0469b3457da43e69c10ec4b48339fc9f2c4b9909594462af54be4cd5
STOMACHION-003,3,1,N,c89a75f9c8b45c2fcbb41dc5c39ae949a3cac65049dce3552fcb8ed19b48d7b5
STOMACHION-004,4,1,Y,29952dc6782c35814dde4170421094ff72995b91f91fc26ff6b5965733baa997
STOMACHION-005,5,2,N,73a64a69b76f1be0136448e83a45cc7490ef34aae30ecb416d9a525be3d1e35d
STOMACHION-006,6,2,Y,018cb22a41d238325870bb37ab83b03a7462b7f711f45d8f42ebafb4d1476e16
STOMACHION-007,7,2,N,c1dc7c37d1742a5993e619551bce22ab4b3f97c04051b0c4bb32a18169870709
STOMACHION-008,8,2,Y,641f63a95152f55a6e7aba9c84e9cca2d7225c68d5a5884d481bbc52fca8e3c9
STOMACHION-009,9,3,N,450ac9ac048e3810842e89ac2d83a1a54b2c33d6cf4cfa8c109bd64a2a94b95e
STOMACHION-010,10,3,Y,2a5eecd04d4c90f61f8f0843b5129a64601231849f159f0a1774d83bcb0d79fd
STOMACHION-011,11,3,N,9b62fcc7f16e7a809e9da9438f9234434c57920302f2445f64014e30043e9431
STOMACHION-012,12,3,Y,20569e612b79416380cda78ee0194be798708592555cdac28f6f4f82a5c77b7e
STOMACHION-013,13,4,N,0ce030c61f0ec6dad4bb8238703f6c5b2fd4d6de1f7c3ace149df8cc43666dd6
STOMACHION-014,14,4,Y,127b167cb06b3ace261b82cf8297e8eb271f6fac73047cb45db34255c1176fbc
STOMACHION-015,15,4,N,b344eb78737cd41f8c7a201c39b1c6c1edd66502016dec75e513bc08d14b0d10
STOMACHION-016,16,4,Y,e07443d9e74881e71e3f40a8d5d85d7fd55468168925016ffa43459bfe54c5d1
STOMACHION-017,17,5,N,ec2d46c7a498c210c7487f75838cbdee21235c2e350e089f061ad7c5af8146d4
STOMACHION-018,18,5,Y,76226fc908155bee0b4e6c7b8acce568c6946d87879160374347b66bbdc1bd61
STOMACHION-019,19,5,N,248d01fa96e11c415994cf3a6e36b2a4bd1c9d76eb1e25f4ee6349c4fbbf69ed
STOMACHION-020,20,5,Y,4d3c78aa531b0f806c50587a67d701b8dcbfaba0d970b37ef3af6cc5fd6dcc6f
STOMACHION-021,21,6,N,c046e66234e9f6c9271a94ad8d77232d106849ed2604428772a9ae6b1a477909
STOMACHION-022,22,6,Y,6771bb79fcf1991bfbbf7f07d6226517ca79e94bb5053f4632c1e2e91accd982
STOMACHION-023,23,6,N,07e6c947af03238f8741fd5a1ba178748757aaf98a34ccd011202ede8a00e948
STOMACHION-024,24,6,Y,24d6e608a86cb1a8bbbddeb8abc815acb8511fb146b0938393e7381a1701e2cb
STOMACHION-025,25,7,N,b8a271d90b3a60a47268a80ad1536c5e7384b0005275bf0bbac137524ea69ea1
STOMACHION-026,26,7,Y,8d4ed1e4d0532682ecdb62b05e5d3443ea1fcfaacd5ddae50499dff204214d3c
STOMACHION-027,27,7,N,b4782a3d20af9da47cf497a42d91d697768e3aafa621b667601208f577ab0ae1
STOMACHION-028,28,7,Y,8a36a260bae2344394e822d291d58794e4f0bd06683d2e27dbfefe9d20f20ced
STOMACHION-029,29,8,N,72b3846fa7c9a5e43ffa868b11c20179b628c6693f6fd6942d7babe2edd689f6
STOMACHION-030,30,8,Y,718d9cdf2c3a6d0563be2cc766d84b3f13f21784149f07b143f5df0b1ab423b4
STOMACHION-031,31,8,N,e36ca6931eef1504fc2e3ce65c70d5aff5754e5058632c3d6e4cb2110b722e4a
STOMACHION-032,32,8,Y,25967d9f9a9eb739dd312dc176b3a594a798f441040fba8b3dfd2f8b20fdeec3
STOMACHION-033,33,9,N,f53c5e8b12ab023a2f72918d20a740a2ff36a429d398254aee4a887919ba5da9
STOMACHION-034,34,9,Y,ebfa3f313d807620f3c3efd9b55b63efafba38b4bf4e86ec7920a1abeb238b5b
STOMACHION-035,35,9,N,ba256863e09ad06f82353d86aeb739318ca039ed56084343e739762a77f3e675
STOMACHION-036,36,9,Y,f7e812cd34539ab82516e94de3261bd4709f869d41d0e9e85c44e773296757db
STOMACHION-037,37,10,N,983bdf62cee837a64df423a97bdcf2e23088ee7802fc07680e163900e253e1c7
STOMACHION-038,38,10,Y,99cdfcacca359a3678faf5680c0ca7933cbfdb4c7a460dc8c97eee03854ff49a
STOMACHION-039,39,10,N,f4b29d7255ab1affc858e104be1f824182bad41bb9146a3929f30d1a12c3f062
STOMACHION-040,40,10,Y,ba2abc54ad8b3b5ef789709067c47d5dbed3d6b0624daee9934778e7b9604238
STOMACHION-041,41,11,N,ffc01e925a746724a15efa0ec1bafd5029fd658da2cb586a277044b2beb63f8a
STOMACHION-042,42,11,Y,37da07ea598920a67e2750318e082fc6c0554124c54e9b1263cb9abefec1c31d
STOMACHION-043,43,11,N,512fd95dd85a96349084653e012f8c2311f5e2275b1fda3c3e487362ea59ce58
STOMACHION-044,44,11,Y,7cbf21d2c7a429b5079bd7f5fafd68694fee7b51879d82ae3d11c3dba276c257
STOMACHION-045,45,12,N,5a606f66b0dcc5bf470cfca78ee13a7c52009405d30c175ebd7a84467bfc6271
STOMACHION-046,46,12,Y,0fc72090eccd647cb069de2d84a4d15427bafdf7c2381940208097ac19eda333
STOMACHION-047,47,12,N,a498d726995994a1aca53ebde8bdec38f9a46d4abdb564c88f848b3807cd15a4
STOMACHION-048,48,12,Y,4f8426751232fe8b8f375229a08886749385f5f877c8460dda32c394e2767777
STOMACHION-049,49,13,N,a80dbdc6ad1b41f7fe69e63735bad54aeef52196e64af9a3b3b9b3db34e58ec9
STOMACHION-050,50,13,Y,49e12bb533635d3af16701f0fc71df8de651ba7a2027875e82f631aa0e3d92af
STOMACHION-051,51,13,N,083a0e4ca3a8d43dec825e9029801eea2d156b87601ccf3663981cb3b08389bc
STOMACHION-052,52,13,Y,15ae4d8f181072378923cc7640bd4b273eaabb431fb91d87e3badf016cedde94
STOMACHION-053,53,14,N,ebc49eec7178bd05158187fe7b9185a61719ff80fb3ad52ff9c2567145e33b06
STOMACHION-054,54,14,Y,92c186fad0a35a7e76121e90fbedea983ce2d66791cea82f7343b1431d25e4b7
STOMACHION-055,55,14,N,6ba9e5bb406111dab6ddff1be834675ade0fd0ce38571d63b95bffec2fa6ca23
STOMACHION-056,56,14,Y,c166a32da1fab0483f8670044df5e771ede80585ff793e79d73ec5be0c08ced1
STOMACHION-057,57,15,N,e01412f8991104f50810df550091af4fbfca436d0515849e8b22c59df5167b0e
STOMACHION-058,58,15,Y,97638cb22073e6f037605c960c7ffb9f8c5f284eaebf3c64328e0a98e99397a3
STOMACHION-059,59,15,N,272c0b283d97a4da4f67314990c4caa84cc52c5fce1dcc053dba24459e912d51
STOMACHION-060,60,15,Y,fc061d749945d76ff8ed7e5b7e1fd84a97674363dc8df5c6c98db7cdf16468c9
STOMACHION-061,61,16,N,c646a75906c2c2d90555f6f7f5d3c9f7fe98468c0f25a3bf90110a6ca0232264
STOMACHION-062,62,16,Y,f8ac90a4461e614c25f0f1ef4330e48825b82767145bb41ea8fe86c3dc68861b
STOMACHION-063,63,16,N,5775e8616d5ce7f5571946f4fef00e1d7f282af60d244baaefee52660b1ba5d9
STOMACHION-064,64,16,Y,a2af73b982afb777ead614dbfe5891c59eb4480a745157ee6b36cf79715268a5
STOMACHION-065,65,17,N,5894462574f9a333ed4ef4ee1719472d1ffefd792394b35b1767316224e54ac8
STOMACHION-066,66,17,Y,efb7f072446dc587fe8ba5f269cfe1bfc01bc608f1a2f2f7adaa63a107e397ba
STOMACHION-067,67,17,N,826f8b64b20c013710b21581bc543d6a7536d7473702c747e0b48861153d4a02
STOMACHION-068,68,17,Y,d714bd2e0f6f78f00df0f038a423c9540f4305105b57e9a8f02f383328f8e8d8
STOMACHION-069,69,18,N,027ecd074140a944d3a4be55768d9e0f9036a42724e56e3336e709007ed97594
STOMACHION-070,70,18,Y,f71dbc7aec1fd0f98d76d214d37fdfbc0dfd6798980a4b23c55259daa78bd988
STOMACHION-071,71,18,N,fd772577ba2901e310a4a89aca57c78278b1d4cb7dc6ef81851940e5616f4df7
STOMACHION-072,72,18,Y,9742af213bfefcc85bd3d4b319f169e7baf56cd42aa1d96c8c86b4866b8294a4
STOMACHION-073,73,19,N,c34c5657b9ca807d8aa29cdfcd7525532a110f11b54c619115e2eb1302385069
STOMACHION-074,74,19,Y,9a666aeae68dac7fe85b66d80ccc9d33e9a337a59da4e97f9a1956adb3563e7d
STOMACHION-075,75,19,N,7aff911dbc29ce0a6025ce3751740baa19f68a4549609bb57f3e950fdd0f95df
STOMACHION-076,76,19,Y,dcdf9449119fe157b05e701ed54cc7e15d71d63cee00657e69eb0188fa32d176
STOMACHION-077,77,20,N,084fe89dc03294d11fa774373bf2dffe1c8fb39379c8e3c7ba5aba8d84e1d0e9
STOMACHION-078,78,20,Y,1bcb4adf38c176d1e5833d4c667ddd7e0ee83234bab44d045679bc922d65cb52
STOMACHION-079,79,20,N,4b53ee9133e78e7d442a643bc141d706345bf830ead1855521a83c09eb638081
STOMACHION-080,80,20,Y,f77bf0b91d147889ab5ed6dbd55a364fb6325e5a74f879f8760e4a747b1911eb
STOMACHION-081,81,21,N,7e99ccd6328127d6e549e7bd1b2685fbe28161d0547bb54f6bb998cb70fc843e
STOMACHION-082,82,21,Y,9b672684b145403db1b5949986b67f347f489a83d4933bfc523f2f14f44487eb
STOMACHION-083,83,21,N,42f6f2c5f715019f417458261bda1a1d3dfe24737bfcfe16e4a50263053d007b
STOMACHION-084,84,21,Y,fe997a77e28778858f0687f5fc8b6de18ea471bfec2d92b442dec1dd9fa63418
STOMACHION-085,85,22,N,93e063c25f724c508b31d2f1c66b0541878819db32607fc0b9c67780a219a817
STOMACHION-086,86,22,Y,8eb11109c80cae7b2c3f2b1a40ae7d4e03a19fb13dff70bccffa69163b47a3dc
STOMACHION-087,87,22,N,dc1e0b1df554318fc6097d777f575331b9cb3e4578c48e475671e79bd4d6bd04
STOMACHION-088,88,22,Y,8ffb40b71b3ec003ba60cc77e7e2ec935f2682f369a171b94980fb4eed38e64f
STOMACHION-089,89,23,N,97872e2325ef6957b75bfca5c07ac407668c5f0ffe98ec999cb7f2bde70699aa
STOMACHION-090,90,23,Y,dfca70d6931b48ee02703d606449be457b92e2acf04892ecaa8601d344eda642
STOMACHION-091,91,23,N,d7c858af89dd7b0f40bee4a28566ea0798f93ae58ea396792dece845de253b5b
STOMACHION-092,92,23,Y,85650e734b4ecdcbdc5430ebd49824ddae5f39ded7fffe88688c65fddfd329d8
STOMACHION-093,93,24,N,b74baa8947620c3619132703d7e78f6422231f7afdbb1253fb025d14fbfb9945
STOMACHION-094,94,24,Y,ce4a6334a053c1842a1e093322e86b064b410f4e7e4d34c2c4f9d075b5533e7f
STOMACHION-095,95,24,N,2cf380dd64a20f83a960b7e51a0c114490151a47c096a836e4391b950b12d10d
STOMACHION-096,96,24,Y,a5030057853e5d10caeecbccb6a6647d29293ba69f55558e5453aeac440d71ac
STOMACHION-097,97,25,N,9bc8fea3cc70c45a865bf932e5206c6fc1011193e5ca9f4c328c9c735d7c54a1
STOMACHION-098,98,25,Y,c2be95a062beb3af43cdf47be828afeb633d7c2ccc296cc39e108f86cf6ca446
STOMACHION-099,99,25,N,40b1b1e44588f8ef01ca1552ea6cc271724cb7017633fbb1be552347d40ba891
STOMACHION-100,100,25,Y,02355f24eb89f88f418495b12fb2d8cc25971ca03faa2ccf122ddce47e06735a
STOMACHION-101,101,26,N,4a25ce784ff2ebc4a6ae1b2151deb66d8dcd68b28aa2bbb7f0cf26d041795c80
STOMACHION-102,102,26,Y,3c648746c7d931f288b43558edb607ed0fcbbe17301552bdd24f1442e8ba776f
STOMACHION-103,103,26,N,aa5764950a54bd2f50cb09edaa3425912965656164f0f91dc90793ceb81d7dd9
STOMACHION-104,104,26,Y,dfefb454698ec75e619cf2a3bb2f59124232a1e191e1e1aaeda2e29ffe22c0bb
STOMACHION-105,105,27,N,8fdc062a95e2a6b8310138a17cd200c8be53e7835ea59572546eb57ee9bfb532
STOMACHION-106,106,27,Y,9487c4230f4e6d3e3b219d98b6d1ca508d88bcb64fb099d65d4ace72650dc955
STOMACHION-107,107,27,N,536d567c4b7b061085879b877d73ad3592c73c3321779db9e4aa2db258f10187
STOMACHION-108,108,27,Y,7a2c5136a74684f882a8a9b977e205327953278af240673826e8157c4235e623
STOMACHION-109,109,28,N,ff7047770dd9b1b3d395843c332416919e7fea22f644e7c5f24555ab78911af3
STOMACHION-110,110,28,Y,640bd58deb02165ca92531e6413026e6712ca498a6bef064af308bfa44f602ec
STOMACHION-111,111,28,N,32ca22464d380cf514a422e46431bf01be46c61a99b9ef51f0ffa89c80b708a4
STOMACHION-112,112,28,Y,416bc6a92be8e54659e75e664d40007221a9646ab3915ebb3dfc932df58d31a4
STOMACHION-113,113,29,N,fd674769c6d42bfc465f252327dacf833887650f9bfbd2985996e2fa0f3cf189
STOMACHION-114,114,29,Y,2650e4eabe6a6c846d8bd9c488986eb7a95f625178f5654c556c6d5701fd1230
STOMACHION-115,115,29,N,8a5066c318467249e362e763f49257225923924335b5fbd1c4fa371fa4d812c0
STOMACHION-116,116,29,Y,bd1b61307aa01df010d8f325d747acb575b6a862c6bc28537b158ab856085084
STOMACHION-117,117,30,N,870b60e131598eb9cec99d5c53259603d1ab03a77cd01c2c3abc6983f8507bf1
STOMACHION-118,118,30,Y,a245435e263566d98434751d00cb14d0197678a24fad45694e220536ed57911a
STOMACHION-119,119,30,N,8183fdfcf4fdcc3029e6faa2c745d95f945502f37552f48b72cce5fe38126c59
STOMACHION-120,120,30,Y,f9af71fe07ccf21ffc11c19984e783ff49125422c6674297e916cc828c4dc43e
STOMACHION-121,121,31,N,666904f5f6d6bae2b6154825310e467b4bf132c1ef6f0e2fc88d49d63243e11b
STOMACHION-122,122,31,Y,0892a3222605a3a216a9aa30bd61654dc426ad5d9e511cb34179d83699cfec14
STOMACHION-123,123,31,N,b3033ff84c3ce18ca43f97ee745aae5639f57a1633280d2ea756aa295b30a69e
STOMACHION-124,124,31,Y,d2f0c9c802224bac4df9605ab06ecaba5d8e06dc8355fc0cbda227d822475569
STOMACHION-125,125,32,N,4be75afd9277c1890eb8564c2a4fcfd811ae7f484046550a8aff9988c9a82d3a
STOMACHION-126,126,32,Y,68413c7867cc2b1e2e78c63daa33f97059b2254328e0dbacd9e059833e36059c
STOMACHION-127,127,32,N,eb95b348dac572158aae488f75d5292fad69ea6823b0b44fb6f7c2f9245d76e1
STOMACHION-128,128,32,Y,77299a94c1fa1294ab5387b192a9ac744a6a79b8665a4a21301515215afd15d6
STOMACHION-129,129,33,N,0e1e18a88fafb2591b4e26b5d893d1d0ddf7e43f00399ac594bbc4847405822a
STOMACHION-130,130,33,Y,35171b048489854978f714cf0e7c0eefcc41dc2376c93d2a8604f90add0b9ed4
STOMACHION-131,131,33,N,584f152260a2247f0b93352f9804b500b7cb6f24ff84cc328c605debd49958e3
STOMACHION-132,132,33,Y,d4245d4ed3a56d9364ec91b406979ac5233e31daf6719cdc478bd0170c84167f
STOMACHION-133,133,34,N,5cf3c731ed28bda66f8ad606aa65448bb173c7cfb1aa8cbdf5d24ddc9fbc2145
STOMACHION-134,134,34,Y,9a4284e60a343ae0ac772aae5b04e7dbb921584aae92d58179d916893521e954
STOMACHION-135,135,34,N,f03ddea6e80aed4aca8531bf5074cbb6f0b8744b1a58ee1765be540f0c673854
STOMACHION-136,136,34,Y,4ff4aa75d14306a0729a33c967a42c487ffcd99d1f899aa0f43d56cb11464395
STOMACHION-137,137,35,N,507709221ad4ff8142970da386a5e406fb7c6c31701c4a15ca92831e186eb8a4
STOMACHION-138,138,35,Y,3613b1b562e2d2dc84a26dff9040633b4bbf37650d13d15041e7177f5bdcfdab
STOMACHION-139,139,35,N,cb133ebee23ef8c84f2f7ff95d88e972606915805ce8c92d27de738e83aafe49
STOMACHION-140,140,35,Y,2a22a5861a4ff909ac778e5ab28fd0614c267dd17405c1805fabf6ecd8e8b5ed
STOMACHION-141,141,36,N,7173839ccafbdd0fe0a1f05873d1f2e97cf71a562a092ea7881ab029aa467732
STOMACHION-142,142,36,Y,96a62cb2769f5ce4eac07616d3f8c34a52ec5e00ec1dce5f7d762ecbb2ae66eb
STOMACHION-143,143,36,N,a7455c44a0c1fe84ac901811387e1d1865d2643a8f1bf560b07e5a2127e12d74
STOMACHION-144,144,36,Y,2cfdf0e0a0248d4a288b4a9e89c4e613519f7e1606d0de13e16114a0a0fa234c
STOMACHION-145,145,37,N,8a196087134974d2d2a5a9fca544a612e3777af8c4eb8eb9ddf0e0ee51afbbe0
STOMACHION-146,146,37,Y,0c1c205078ce5a61bfa6104d15285384d128546103d29f3d45b79522516221e3
STOMACHION-147,147,37,N,b6803b200a965b0d0312ddc3f4cae83cc170325ccf1d62c05d5b56873191fc7f
STOMACHION-148,148,37,Y,2ffcbbcf3f2d0c5cbc7825bb3d1883b871788a6ac66ed82880fdc0e89fa8c587
STOMACHION-149,149,38,N,8431620fb6af46c36ca4d67767e786d9b9d9b6f378aeb28025de3de48855d36a
STOMACHION-150,150,38,Y,2ddf35d9b85539ea6727149ce413409087c15ac49f770a8be97ef317aa931c20
STOMACHION-151,151,38,N,e953f18fd8dfb20711259b3f567c65fcb8896902e9943ad471ad1577a87a81d3
STOMACHION-152,152,38,Y,d37a2ef442d8e72fce0d2c98d94e20d0e18f32b4674d16ad1100df20872eecbf
STOMACHION-153,153,39,N,2e8fc246e3dfb6478a5e21d483ca5c720236abb77394a4f5112296c8c15c8d0c
STOMACHION-154,154,39,Y,9eceea8d6cb9838b877c5a39cef9fd1c7b7a6798bee058e45dde8c2dcaa2c3a8
STOMACHION-155,155,39,N,5429fe78bff0cf28ae87c4ab5feabdcceffcabdc755daac2a8119623159a611f
STOMACHION-156,156,39,Y,9d5c3f7445ebc5c8e734206203bf1a5f6e8532f3b9a463da1b864e6c646a3a4e
STOMACHION-157,157,40,N,b3e9c2561b72c6607a30f53919878efc3fa7c6a6999d4de39940eb2ef18a76a5
STOMACHION-158,158,40,Y,eec12ebe775c855d6a941f30931296e567b1ee19013c1f881b1af521ae899b29
STOMACHION-159,159,40,N,78e6d7f54f3fdf119114ad31dd789d95c98d839ebfeb1df8d8ee71c94e264cd5
STOMACHION-160,160,40,Y,df54fda25d911bfbbf8a1788eba1423e79128c9bbe5bf5aa8c5170dfa0c9df0d
STOMACHION-161,161,41,N,852e68113a006738aca76255b3e030f9c334c8a9a3bcb551a39ceac42a864916
STOMACHION-162,162,41,Y,09a9118c3dde2c8ae7553b3fcbf67e8eb9181349236f17805085a2b7fa132bcf
STOMACHION-163,163,41,N,a0402029c699b3f306e805f3af2d79ead129dbce33b5bac8fe1cb326f39cbd29
STOMACHION-164,164,41,Y,37acfdc6b94bb6ae204125d5ef9432410aae4331d12a9d6e155e1738adc4adc3
STOMACHION-165,165,42,N,7e42854cbb38b7cb3c988f8cb88061fb6f32c799c4c38ab75bb6a36b45665711
STOMACHION-166,166,42,Y,dfc8afd4c2f89559ed8d8d2de6c8dab336ce004255b8f14017cc8287a0e057db
STOMACHION-167,167,42,N,9b6fd0bc9a9cf70a13c88bf70da34cdcb8594608ebdec8ef6d1c87dafb777e33
STOMACHION-168,168,42,Y,45b5c9be7228e8f28d3137af503231068f72f831bdd63c3845b7f7e4644fa106
STOMACHION-169,169,43,N,200fc24b17678c66c7786e8b7d5aa6da59fc6cd0e7cd5e7427b5e77fd516cb2e
STOMACHION-170,170,43,Y,589ac311255a24ba5ca7185e773bfdc10c13679522a6e4bced56f7d7361e7bcb
STOMACHION-171,171,43,N,9bfb7132fb3106db81e3444e4e80fa8434618ee53a53fc9b3e6321d968a59d23
STOMACHION-172,172,43,Y,4060858f2996aae35d3c1cd0244ac7f6d450e6f7dececf4386f33a50c8ed76d2
STOMACHION-173,173,44,N,e16d77a22b82985427b996842975d3ecef6b2ef7cde00c862fb713a34533dd52
STOMACHION-174,174,44,Y,aad2cd03e3efb935a7e38f21c238499b486d93ae88e54c0c2494f1f6febb66b0
STOMACHION-175,175,44,N,694060cc98063e02648199fc5e764dcac891b0cb9bdf441c1196b657835283de
STOMACHION-176,176,44,Y,f1a365b27c976d0f50e4641e3fdc3144905b5f28ccfcd46f1892d2133dd49f1f
STOMACHION-177,177,45,N,5ce2dfba9d9d3ce9b28ef747d4d8f1796b82d7af7637be033df1201d7923caa7
STOMACHION-178,178,45,Y,8700b7dce57ea51ef26232b905b212cf46766709c2065ad4cc9e76fabf6c872a
STOMACHION-179,179,45,N,49be46e93838212b2ad83329763038e6f21ee057142db6042c8d0e2e75c9b664
STOMACHION-180,180,45,Y,3c9cbe6c6616f2cbf7a5d25449564f585c5b1aa7cb210349ec36aff6243f0262
STOMACHION-181,181,46,N,279673e0ce704ac0eec3f207822678c4e6c7dba9af3fa1850248069116c41d5c
STOMACHION-182,182,46,Y,6812e7adce104b5a3e8441e4a398ee9550bb2047c677ba822f05d8ed88de22b6
STOMACHION-183,183,46,N,db4a111d921e3df7408afab0c66aa068af6a5f3fed73fb9112e22df886f81a3c
STOMACHION-184,184,46,Y,d0cbac54f496e66b81e5ba3ca9ea5646b6e5908173affd047ca6f8c5fadfdbb9
STOMACHION-185,185,47,N,b1bee8b7b99cc54972f786c7a55990f4eeee9b19727b05e69c8e85215853bec6
STOMACHION-186,186,47,Y,9f290a4c8d470da62e8ac8ea9c10e17f96e0d6bd34205bf4c00e4e8f796f230b
STOMACHION-187,187,47,N,8dc7614070424ded79525403f074d5cdd36bac5c2a5f975288699eeeefac0c8a
STOMACHION-188,188,47,Y,d94fb904156e160792d1bbbf9ce267c60b55c7be03096a2ae7063076e4dffb55
STOMACHION-189,189,48,N,40828d7484c2ef226d0992a575f3c9986cd9bfdcefe597638e5b24e3753d63c9
STOMACHION-190,190,48,Y,fc38053903961a23581885e4db19573e4d19adecb48fd1f4931b15ec4113e8c4
STOMACHION-191,191,48,N,e0fbe00fd8bddc2e3e476f65a517ccaf9725be2798d1ea837b096ce890ea1ff1
STOMACHION-192,192,48,Y,b2fddd50238636ed173762668c9f5e59cbb2cd1e3a1d2e08f4521eed3d21a902
STOMACHION-193,193,49,N,cca69cb3a840eeb5a9fcaaaa906fd0df149855e32691174224309c35cb1976e4
STOMACHION-194,194,49,Y,95353ac0866e6c363589623c790ba5a007ebf4efd0239738a522034514c63a7e
STOMACHION-195,195,49,N,f751e6b8e50958d74b47f92a679ee0a9f93d3445c222f8f3135af5e828eba9f4
STOMACHION-196,196,49,Y,0e62c7c850f1097ce614bf3d2e89ba657b7ffd87bf16c3d88ae772fbadc79bd3
STOMACHION-197,197,50,N,22bfdefffbffef4417756687ee4cfd12000ac3bc1238cc636e17986b476e1e08
STOMACHION-198,198,50,Y,8e3f2fd1aaed5268c4b24a5a397298d00baeb1b28e7dc45a8153e882a1a46c4c
STOMACHION-199,199,50,N,4cd1b7cca4c7b6c050d4a997a240df3d68771b7e9c4749ed1dcae6c8b3d87295
STOMACHION-200,200,50,Y,80bc0e09e2f30c9d97c30c790b742721d80695781d44a45b5423dfe28921e9e1
STOMACHION-201,201,51,N,ce84307fc5c06d97a671c9da59f43fbefdc725e9f9e0bc709df94f15d1e7aca2
STOMACHION-202,202,51,Y,028c1d681cd61c7807335a81c5209a23fc32b73cc12cf932111b4553107de949
STOMACHION-203,203,51,N,88a67d4b4a1076b542e2b78545a4068b7aae83be07e0b816f07df4d3dfdd0161
STOMACHION-204,204,51,Y,f92d314785536724368e9dd97a3e1c63dda33eb3cbf69e8fcee9c43f5faa5a66
STOMACHION-205,205,52,N,d945d5dde4a3baa31eb69d7b4c24a26286c41e3e525498ff686ba1adcc0e85f1
STOMACHION-206,206,52,Y,a5541af1cc4c88f2ec52abc0f78ec5ce9609355edd37f29e39cea98795dee42c
STOMACHION-207,207,52,N,fd6ead68b8a55bf450307b7f95b26f79a0bc2f2b51a0682c2aea3537c5dd3485
STOMACHION-208,208,52,Y,36f59b08f1fbfb8a3faa3405ea5de62bf7e66c41415114b1e774308fcdec6b3f
STOMACHION-209,209,53,N,5f9d7b28933368d419e8a64c8e76306051bfa9bb38b71257700030b6d17ad740
STOMACHION-210,210,53,Y,bb8f8dd9e6f092bbe5badf3732468d808724d455ec84c5098de542eecf25240b
STOMACHION-211,211,53,N,ee8b250d776567eea185653654fc0ee5d1cf00d3997ec42ffc8031ad616c9daa
STOMACHION-212,212,53,Y,c9a1aa2891f86efa57f71270ff9cac0a8e73bd44aaa74cf42c34b38883ec54df
STOMACHION-213,213,54,N,fdbaa9d3cc6eb5f5c129a84ad7ab690466c64d14f1e3fd66bfc5877c14cf8bd1
STOMACHION-214,214,54,Y,edcde4e06818edc554582850a4c2436236f6fdf46fdeeb258401ac334fb76afe
STOMACHION-215,215,54,N,7e539053241407dc55fab6cbe38fa96342e22761e93a327a8921dc15ffc6d9c8
STOMACHION-216,216,54,Y,cfe2598dd02fe5a19c13ba5242957d7d4d3bb2a722cd0abbfb28910103c19375
STOMACHION-217,217,55,N,00137f394c475523cfaaaf39b5d42d1de254299039ebec51696d2501f2a66172
STOMACHION-218,218,55,Y,666f805fed7dfc84f924a3add01a971a854e6b82397ec1628498ac94bc61d701
STOMACHION-219,219,55,N,358d13b12864aae6ec1b174bce001a9b8c8375a108a68df7630890496336d93f
STOMACHION-220,220,55,Y,6f5546e6d61f314cd6c65f56cb3c151b6f16ca7d771b2c3764f4127d5def2bcc
STOMACHION-221,221,56,N,845838c0dc75d0186a1003e960286fb114eefb5a7674f3378e1d7a13b2e03421
STOMACHION-222,222,56,Y,6f2dc6bb9d1bc0acaf2e76338a3ca0213156fbfd01a13b94ccf4c760a905e02d
STOMACHION-223,223,56,N,e9c1988b33ae019fc334760445451f9cd982a262408bce0d6e0d88bc85572bf4
STOMACHION-224,224,56,Y,9447e1ecb48db2b91b9f9f40158283fc91593e99ee5b723726090f548ec0034e
STOMACHION-225,225,57,N,c619f4f63edcdff56cd539525823e7f066d68c6aebe5c20a69c958077b37c0ab
STOMACHION-226,226,57,Y,0260d9cbccde3fc99671e5e6fe43a62d567760b55e57b4cf67238dc0cd802617
STOMACHION-227,227,57,N,0a7df70f037a3ef4810fdf88d83162bac5cd181beb3a23a2823110d003168041
STOMACHION-228,228,57,Y,794c3a84a71240e0b297b2b98b179c9f947838016612fa9bead4e003737371f5
STOMACHION-229,229,58,N,a5b657f81aa5fdecae3faffd08d2e4295a307361277115cd3cdc2951c02cfcc5
STOMACHION-230,230,58,Y,030793f247478dd617381abf8afa7a2876c4790bfa95fe3b10ed79c4c8b4aafc
STOMACHION-231,231,58,N,0a1273f4a71646c4a4b69c0935ce3f5565672e3ecbfa8b85c143b2dce3e5b340
STOMACHION-232,232,58,Y,3cda29bb2c05d9b63eef8407775dfdca1c447dc027866c5f10d5511a4e53da9e
STOMACHION-233,233,59,N,466b549805d8317b02261372c7d07c8fda9b90e94b7ea0271e467ca8c89a17c9
STOMACHION-234,234,59,Y,dc0feffd4a4c906f518513ecb43d9dd1cc8218e2e0c57c80c26cbb96e8ae1db1
STOMACHION-235,235,59,N,ab08e81aec0a680546994417356251d30032c68537ca7962b5d7e975fc7f5fc8
STOMACHION-236,236,59,Y,d693e8afdcd78ec36ebabf37fe50e81e73ae108baa17498aac164b2d32aee8db
STOMACHION-237,237,60,N,a32db591e1caaff362ae15ca7176df01258cd42e15be8bc6adfde257ce9f8ed0
STOMACHION-238,238,60,Y,533811ba9cbdd11b40932b4a27c2f863f116f506f2ac187427452687b083e056
STOMACHION-239,239,60,N,913bc3143c4eff3237e4813acda96dabfb6433635bc8187f2393b31c31bc9061
STOMACHION-240,240,60,Y,203ca0f25668b080c32e57305f267b14fb10e0734ce5a18622dd43991a87618e
STOMACHION-241,241,61,N,b230fb29d4c276ae2ccdbe3bc61c001483a43d331c3cd544cf7b15eb71de6e94
STOMACHION-242,242,61,Y,c6e1da55769cc20c139de446ca8747a5aa93886b2f02b8025d31536de519d20d
STOMACHION-243,243,61,N,e678905cc5cef451ac136127182bcd679fc05f07d90b9751382bbf9a13b15e75
STOMACHION-244,244,61,Y,aa3cf3a08072b47979a9da26f40d0cc42b2af542c3c8aad2c970d7168a790877
STOMACHION-245,245,62,N,2e548244a466dfe6eda3a0dcc18aa1b1f826e5f0979999a5d1c22b6e9d756441
STOMACHION-246,246,62,Y,aff8be3cf8357891693dc74df5eeaa9d8990a90b638580dbc039f09ef2c99770
STOMACHION-247,247,62,N,c0e5fa71a30cc6d30dbf1635c80ae39a213f6b1859ae1c90cc10c33f3886e361
STOMACHION-248,248,62,Y,038a752cf6ee2b9b24a20034c43d9fb0741f4764ca81e4b7424a16bc00b0faf3
STOMACHION-249,249,63,N,14c40c3abfc7b4f7546bad974e26fff73bbc345f0a0181fbdac03eb87c900ad5
STOMACHION-250,250,63,Y,e9791d16a6401312d74eb264e71b30b641355b391853f2b35fdb873870293fcb
STOMACHION-251,251,63,N,20755d856a4ae518f9132cf1828632c7b8abb533e4c68e604a13c55fa1b3a6f5
STOMACHION-252,252,63,Y,0d8c0d878e47deafa85fdd480cee9cf6506425bdf639b7a89718061aefdca996
STOMACHION-253,253,64,N,c7333d8f00f0d15a6b71fc01ebb27307495e83aaf8ead97358d727d506f7d415
STOMACHION-254,254,64,Y,d04f3b305a03a8ef70d2b2ecdc8b707f0eb8dc6bd8247577e1f066e262e31397
STOMACHION-255,255,64,N,a6b413f71fdd0da2eb035f08051910cd7011d4a4d1a02f94825a3f8b7b7a69b1
STOMACHION-256,256,64,Y,17e4d8488bb17b8b367c22598ece791a8cadb9e40ba1486743183064989bea64
STOMACHION-257,257,65,N,4a246e40d2a83d475eabe78d5d56fd6a98b11ab20e850afa24f97f1f79d4706e
STOMACHION-258,258,65,Y,30114bc38a01b9dd8a9478b189e10cbed03724de1e721611b20cb8b114902d72
STOMACHION-259,259,65,N,6078b4179fe2150c222702cbf00e2e917695f1ab6069c7e7255951580ac2cac4
STOMACHION-260,260,65,Y,95969068eac0284a85f6bfd8ade5912566003ddb1972b7209c827be5b1b97c37
STOMACHION-261,261,66,N,8bec4ea67de124dde5f265a70d0252ece93cebe9ee793a9289efb129fac0734c
STOMACHION-262,262,66,Y,2d0881da18352367a3d7b3b77c95d9a16d20a5c56fd4d98d3d13c9d4b5bff2a5
STOMACHION-263,263,66,N,1d81c7b5978d7e95051ddfa9e7d455451a4a745c5494e180902d2c0a98175c12
STOMACHION-264,264,66,Y,a4c1877011974b417e0f534a9f75af406934a9a0ab0069b777ffdab1fb43a9b7
STOMACHION-265,265,67,N,d9420b6e665b0efc95196830e13e15a7e05a30055eca7b928c4f975484803933
STOMACHION-266,266,67,Y,e7944339c1baea6828613e35050a0a117b51f77a89a3ec19c62e8a61dcddb0ec
STOMACHION-267,267,67,N,04d4c0ef8dc0bf375f987d509b8d711371aa96359e33290cb9fdbdf01343f181
STOMACHION-268,268,67,Y,713dcb63004121ac45e2d834c039d271d1c3718bbe5f8ffe1792d1130473a9c3
STOMACHION-269,269,68,N,9d0be6c6ba910c079e4af289e16dc2ea22a5e6a4b73242af0654aac7babcbdbd
STOMACHION-270,270,68,Y,930efb5f5987d8e28294672290ae7c464edd83eb76162baa1ec42d4d4ad38b48
STOMACHION-271,271,68,N,1648bdf76845ac9f6a2b7dbbb468b97e206a2041f2e11881985bc73264ed085b
STOMACHION-272,272,68,Y,4536ae4b0cbccf3dc8a04d43cac878b43f4817708565247e3879bcec36cb7471
STOMACHION-273,273,69,N,2839d768503f9f6f5be8e48a1561fe17c5c66c46f54889da932b59199e4bbd00
STOMACHION-274,274,69,Y,10350200ebec0a7794c31e3dcf688e9e4806ed68ce391f5db1cc1675bcfb1c13
STOMACHION-275,275,69,N,99bea7d3b8ade2c474dc9c92865112f280629f16ecc3fbc65e7672c9c18f4d0a
STOMACHION-276,276,69,Y,057fff849902cc1dbf5ebcca6580ddb4f8e8141a254674858db1db4fb2f716dc
STOMACHION-277,277,70,N,0131b0b6d3b7ab33162f9cd357287ee322e9ae70dc5525ef15b54a149a692a5a
STOMACHION-278,278,70,Y,65f27aa2159925cb1aeb6831a0d643fec3332590d8e20c478fd17527a667cb5c
STOMACHION-279,279,70,N,f6207f1d5fba96ccfabfb5f5a43281131704c160031e531c6517aec7912a2667
STOMACHION-280,280,70,Y,e51e5091a35a9e0de711eceea41762aad378ff5eb9d15f019423f743abe78db8
STOMACHION-281,281,71,N,a5b5fde8790db734befce40ebf34820885f1ac9b4bc67b00a374cfd812bfa102
STOMACHION-282,282,71,Y,7ffbb79d9cf09f47a0a181ab1ac13a07b7b9310e7564bcfefaa22f772bdfc269
STOMACHION-283,283,71,N,8b7f479e0db4ec7c0e3a83ba80d52002b31359071f274e9b6a076593feaea784
STOMACHION-284,284,71,Y,dd8586b30017b849c70d15f191f679776018868ac813591d3d5a0f969b089580
STOMACHION-285,285,72,N,8aaa73c0ff5fcffebda5af54895b70ab33658114adf33458b03e8775c09f7d49
STOMACHION-286,286,72,Y,0ef5458b83aa52aea53158ba1479da2b2e3bbf28273e8e6d5ea73f63d97f3d68
STOMACHION-287,287,72,N,17d805ba37d096b297004e117a61c8f9dacf7ba77bf674c7d5fa14bf970c198d
STOMACHION-288,288,72,Y,f13809431d22f688030b32a0e99d4795bd881f175010e30e1cc85ecbf63f1caf
STOMACHION-289,289,73,N,f691a6667a457a769042d24941fa76abd8ca245b4a648054b6333310c1633add
STOMACHION-290,290,73,Y,3e547ac709c6ae98e9cef5e1b5a01bfa53bde5e1431a908b38d1fb575cb303d4
STOMACHION-291,291,73,N,29cd6ddfd1d21208e7ebfb690f1c65b8c6a0d33bd3d7513f601151108a4aa1af
STOMACHION-292,292,73,Y,baeea32c48918f93dfd41e5ab093fd62410704db02a378ffac7650f751ab33f2
STOMACHION-293,293,74,N,5439f32c1c14a87a736ba7f9a5b00a8b7dd791f678e8ef4760c31c40473b5118
STOMACHION-294,294,74,Y,fea99d2139e6c05e1c66fd40fa7e03c8dc3a0cf451eb934d8f165e66b0fa9fa9
STOMACHION-295,295,74,N,1def3215c67251262643d75437ecd578beb51439aaf865e069c424b674205f5a
STOMACHION-296,296,74,Y,518cb7e97b85bf66dda79edf3b852c1889523b6165fae32dbb0606ece80d723a
STOMACHION-297,297,75,N,f0e5e2f3843aad91b4e000413421d3dfbbfc1fad406cf85c8ef4e48712ba203b
STOMACHION-298,298,75,Y,2ef68863223b1ad7cf009a6945630c4af3d7ddd25735be5bc3e8e1eac14d10f3
STOMACHION-299,299,75,N,1738ae0fece5667833fe268721a346a3942a6941a3489ae320e4385beb636d57
STOMACHION-300,300,75,Y,d80ae763217bc5f4389a7d2afdd223acb2ac53769dffca5f043a716f47c01743
STOMACHION-301,301,76,N,03330d6536f0e5827bab431dedd199b1388c8aa11c4d6274fba595e42d6e3c64
STOMACHION-302,302,76,Y,1d4a4d96bbe9761e4494c3b97397030596cd7e867b327da6c9eaeb83ab44f37b
STOMACHION-303,303,76,N,9b809d2563327597174e46532a5323fcf70a91c02c9d23798ae5021e946f519a
STOMACHION-304,304,76,Y,e41ba0ca6b440392f71a4e7d8987a50de7b8eb04f0efb1bf0f9134788cd16cf0
STOMACHION-305,305,77,N,ba8249075db3b7a8b74995f7fefa954b26a2e97c1ebe09437d9001734638a54a
STOMACHION-306,306,77,Y,4d1515e3621bd7fa7ef7cf26455e6366937cdb3c0a9bf977161d6de67aa4ada6
STOMACHION-307,307,77,N,f84d1b67a904a31664e973c5f3829d5007a28c4fcd1793c49c64ebe6c07a0425
STOMACHION-308,308,77,Y,0aa54db557fa8f4d0f3b2fe736524432915bf4bc5e2b2552268ce57d226288e7
STOMACHION-309,309,78,N,2fda6c9bb428465c1ce70666f11bbb47ce7f8ac2a1ea275565b8d35c20a5ac66
STOMACHION-310,310,78,Y,956028112acc71730f934127cc93ff7f949d43abce23213405333822cea278c8
STOMACHION-311,311,78,N,1c7f14c295a83f06df05cfe0847c37878b8b4b51612032cabb31ad39ee2a722e
STOMACHION-312,312,78,Y,dc5da04d116058d87354bd031f7c1fd21ab5afd22ea4a2741f7354379d37633c
STOMACHION-313,313,79,N,da9cb7d4a9f044c22bc291781e5f0e17cc26d826ad027f6c710aac983e633299
STOMACHION-314,314,79,Y,c2c646e0ee0b8eb03ec549df4ba6ba4adbc43218ef382a06a40ba63dad9a3c41
STOMACHION-315,315,79,N,593666392cb4de013f5ce4bc8e9f8815b2f4277f427463de4d050740fc1603f6
STOMACHION-316,316,79,Y,df5cb0a4f39df501997548bf7d62736214e0a8e131a0a4ab3ca3ef67974746cc
STOMACHION-317,317,80,N,99533748bb67164bc3076bad24d9c823faa04c5c99b12a48f8db637aa3025b45
STOMACHION-318,318,80,Y,6b9bcc43f51d94e331d996974bce21d5d252913647675878227b143b280216d7
STOMACHION-319,319,80,N,a2e3249e9e09c6e952132a6a8759520ca0b8a6085682b9678bc65d4ca66b1074
STOMACHION-320,320,80,Y,48d788658ba7837b1fa23c6fbc14d3c9d4f225fae43f718bf3b2524c3a7c5c50
STOMACHION-321,321,81,N,09f4ed76292837d8da708d47a29230eeb20b8015c408b9b5973954e4c9ebd91c
STOMACHION-322,322,81,Y,ceafd02676f29e545133d51d226185bd65f72257398474cb056e3aff6bbadefd
STOMACHION-323,323,81,N,f49d90770e736e23daa2d4ce6fbd9f76a12acbddc0dc7a87274ed77edc8f77a6
STOMACHION-324,324,81,Y,d4572c556c878bebdae815d3657f41f23efbbc360788255888a88493449fa9a2
STOMACHION-325,325,82,N,8a7032ac7640d8fb8c515cce291ea6ad1e5ee201834c883204e30ff16f8aa7c9
STOMACHION-326,326,82,Y,24e42c5813a06c0326aa25537379751d7b6617a3892feccd3e078a859a05ab24
STOMACHION-327,327,82,N,6e0d2e8483755c73a1bcb1c82a4e5b5bdb3690b42ef81f809a06c3d58b3a69a2
STOMACHION-328,328,82,Y,e80a26c4736a0764cdb494fe7768fe9061cf1071cf3eb099228c007ca4c4c246
STOMACHION-329,329,83,N,b381ffb2a9be3909d48f464650c821c38cb821407cb7fd9a1faf29ebaf70ced8
STOMACHION-330,330,83,Y,a804a6f8477ab7a63afe9882120b4c697c6852caa396c2c0929a637f242dd7e9
STOMACHION-331,331,83,N,5c670b813b84d1fc0dc52bc5eafef61c627f1a684eac40c8c77eeda99bcbd6c5
STOMACHION-332,332,83,Y,e68eba671f4eacdc62cb9a08585e2f6e88ef115610a9d7af88d73b04526fb80d
STOMACHION-333,333,84,N,81ea3cf43992533160113d15803066eacd3b9f831b11d83d81f3411bd7d08b5a
STOMACHION-334,334,84,Y,c7fbb66108691676529a29033645176d9fdd7db129fb1bcd6e45bc919555c4fd
STOMACHION-335,335,84,N,365dfaf4c28b5a0dbc7342aab59439b9cb753e67c2e8c4eed5f52b17b58b69ee
STOMACHION-336,336,84,Y,486f4e275d99887fb0304842f2b15a748311885cf56a30308a4ad78a669faf83
STOMACHION-337,337,85,N,535eef7e926f75fbca1cd370f4b9ab41c90a6d798c62256671ce6e3f799f54b9
STOMACHION-338,338,85,Y,b8f45a488c2428f7a54439953b5bf5e6782ed1b9423398d401a828d71408db9e
STOMACHION-339,339,85,N,79b6d8fefe3256029e4b74bcd657da6d843d4ad5a872b035d60da80138ca2b4c
STOMACHION-340,340,85,Y,cc2716e445569254a621b8fe429fd68d50300c3cc4e06a4777e427edc0e6b215
STOMACHION-341,341,86,N,c294b0d3678ede2e235e4505d6ba770d9ed91409ad2178f9067056fbc7d47f92
STOMACHION-342,342,86,Y,be84a22dc265d9e6ebe14d929ab1bed927b2a6364c763adcad57ff9fb06ed24f
STOMACHION-343,343,86,N,543c5d6edf98fb0c5bc3072dd969bbc6356443478236e264b628a6022d699ef7
STOMACHION-344,344,86,Y,b52c68ee569653ba9c3ee7976fcc39000c6c184731c0724e0259dff9d5190f70
STOMACHION-345,345,87,N,286231e082c5dddefea89135069e8260cd06c939b6295e73391c045408988e5c
STOMACHION-346,346,87,Y,22571ff95579793dd0aa4968d6c7641f7fa2aecc6c48c967299385c1e5eb02e2
STOMACHION-347,347,87,N,1f4ce70c4f3977a22797ee3a8f79018f98833e25046e003a00ec931edb23f487
STOMACHION-348,348,87,Y,07f8ef0097c065e76fce94932c0027995f0795ebc6dfa6a6d526f19e459bd9bf
STOMACHION-349,349,88,N,b45ba3dfb55950254b208923acbc71a0692efaca7f6eddd4add2f9ea10466564
STOMACHION-350,350,88,Y,83a3ff7aa10cf59c03afb563c10b587ff5e89cdd1ed20cc5f5dfe9648e5307dd
STOMACHION-351,351,88,N,81924c9ec6db29ec4d95961da07223e2893ef266851a38501aad68195ae7d1f0
STOMACHION-352,352,88,Y,303d447b5a5687c33431eb36f13d8b6a403cf386b2d7662c300ee7dd67d220a1
STOMACHION-353,353,89,N,edc8361dc88350ffd0992f40c97d9132da979ab22a331016c4d4f747b8f09dd8
STOMACHION-354,354,89,Y,3c9b7202b72920b38b8ab6f47fc25f638e1f655e2f531eed38279565c276d75a
STOMACHION-355,355,89,N,df719868a1f4f878c514f93b87fa28ff930a0d49b57250a1489544c3d4c6da17
STOMACHION-356,356,89,Y,1b098f580fb858d12d6a7213130902cac1d451d1f5b9ecbe0e0ee5afb63ce543
STOMACHION-357,357,90,N,3d583478a0070501165fe66511b0aed30b1f483fcb537c08485060398d912caa
STOMACHION-358,358,90,Y,8047c98dd00570f754d65a80835048ed0df0599fd662ff47253d51c5fad8e46f
STOMACHION-359,359,90,N,cae06f58fb2421f8950e9efc43d37d8e1d743cabc8beb47722d2c9c1807eba15
STOMACHION-360,360,90,Y,bc4309ac5db72b7e747fc97d325906e79180ce74dcc18dbfbd165a4c79df0a32
STOMACHION-361,361,91,N,d100b8284ff24638c89690a4e1b4925e543cbea0da0195aa1b556b6d418a9483
STOMACHION-362,362,91,Y,88f9129645a02e2c436bc5ef3428dcb9766a62d3fd2f6365fcd8cd61cf501f06
STOMACHION-363,363,91,N,926301e021184f6bb54b5fdd447256ae90a44473d304b89998f4003a3fe5d828
STOMACHION-364,364,91,Y,6133c16903f9c8329aa55ada9a967a87b67cf3ca25f568e669b9c33abc892b1e
STOMACHION-365,365,92,N,bf0084bf46165d56216942ce58415a9881a5dd9d6a2bd117e55310244d71b944
STOMACHION-366,366,92,Y,05973c9e217f3298c4e419bd8131985df82b32003b20749160ca392ea0e1e078
STOMACHION-367,367,92,N,f2a22e40af94b088352fcf4438540bd75518c8e6d501ff86612f5c414a6b3587
STOMACHION-368,368,92,Y,eb63343d5cbf08a2ca5a26c75c17602b29e8894ea6ddd1cbff2fa6e683476404
STOMACHION-369,369,93,N,344124dbb1d2b00b5f227dc3e62320e6a14a2c8b6c215dfa2b55893f7b5425e4
STOMACHION-370,370,93,Y,05f93cc3e114e9ed8429d56d6f8fe35b9e31487856db914ccbfbdee9775e13ad
STOMACHION-371,371,93,N,b93b59b2db5f9cdd6098bd8d4e0d8cf3230bfe71ac220d87fba3a118b295f466
STOMACHION-372,372,93,Y,49dcdc3a0081ff8c35a26708c030b01f036bc04da518fbf97902eeac9942a20e
STOMACHION-373,373,94,N,2f61fbb5977623fe7aea82cb70241f94841aa1a1f73e3a063fa9d858e8df00d0
STOMACHION-374,374,94,Y,83ba1fe4d2413b6409b486f3116bf5aa29fd9695f9d01566caadf1c750229ebf
STOMACHION-375,375,94,N,26a8136a6221863b0d3db556051d2a51f6abfbc0d4a34c34e8de82cd2826a25a
STOMACHION-376,376,94,Y,fe536f0ca619d0c1778a665b4d88fa55015984dc148760cb7bc5b8ccd6cc692e
STOMACHION-377,377,95,N,a761ecefa63d3a4c212e18bf2c110c27cc8c185e67b30774d145b38e0aeff188
STOMACHION-378,378,95,Y,b53fc0080a9b4bf362fd19c3abe84e9785a1412d4e8ade3ee52e587010de08d8
STOMACHION-379,379,95,N,bf28db373095cf039b8d3d2a0ea8fc53715cbf7d5c445b9845a61a48168f8822
STOMACHION-380,380,95,Y,ccce5e6aafe00635a6e89f933ee9c20d57c645409931b7f555193b77f15d09c1
STOMACHION-381,381,96,N,a34b83cd15a02cd9fddc4b4b73ee8c6f1ec8488628be31fae6d113229a3bf302
STOMACHION-382,382,96,Y,8e9be5b741ef3360fce626b2d2b1c43201a42af62c99fa2574a55dfc8b28615d
STOMACHION-383,383,96,N,0efabc67997a90fab91abe6f70c490e59d2cac759b7abc04127d3d02f76360fc
STOMACHION-384,384,96,Y,de3b3d34a9c3e0d6ed3ef95a3b74c34d7c064a9f466edeb678ea63042538e756
STOMACHION-385,385,97,N,08dd16c5f5797379cbf9fa4bc73ec6f9ffe9227d96b795a04a63c070116e036e
STOMACHION-386,386,97,Y,6d3a6ee2ef16c9573d086b5b995bbc05f4b5c1470d36b461bcc7cbb9c0ce98fb
STOMACHION-387,387,97,N,fd45678606cc39396c658c40554c734079dc5607fbad0902b64c8771c72b6615
STOMACHION-388,388,97,Y,6a7958ddb0386d978e3cdc7882ea352b81c288c475c00663fc8496b7c0f3f68e
STOMACHION-389,389,98,N,d8f30d21012a08c8c01d3ddab142829b964bbaf8083ef322b98420af40461d32
STOMACHION-390,390,98,Y,9f6eff8fa7e3ff55e18efcd2013f530a7c7e446d37a74315343a8cd733ac2796
STOMACHION-391,391,98,N,dbb81d2d62190004115f2f20615f2c938c0f5f75825d9355cf1d67013bbbedc6
STOMACHION-392,392,98,Y,e2006cf0cb6a42e00ff8488331acf95923fbf4acecc0f47f961ca0790a71d4bf
STOMACHION-393,393,99,N,469b9d586cd95b93775f07cd5e7a40d5d6989d3015d9932108d1cf4e05b09b73
STOMACHION-394,394,99,Y,70a58fb0900ee9d264d6421401ba698c9395908b95a128809dfae43e5d805478
STOMACHION-395,395,99,N,a256542bc8791b31be756224a3975a6cedf882f2df4191c89f33c20cece06feb
STOMACHION-396,396,99,Y,a9572c6d3dac41c28248e271b23027fc9fabbb50b8402e9d97ce567bfd8f84f7
STOMACHION-397,397,100,N,267c06e27cf3b563969a8ed467c3c2ebf0dcffa79e82b7d6b9e711421bfd41d7
STOMACHION-398,398,100,Y,06680143f50227c849ea71bfb111f2a16549a3e1a439042691e4c8da8fc2e502
STOMACHION-399,399,100,N,e548ec2101f51956d6dc3a1da0c970d4e48753ed1e86c50b17898896c9c7ffc9
STOMACHION-400,400,100,Y,c2a6602a60b8be07d8379ce97cf791030005015049712a5484fb3b76431ab473
STOMACHION-401,401,101,N,f9190da6d7aaba8e76029a56a19146e3421ee7ac479cd32a41196efe5eb7c1d2
STOMACHION-402,402,101,Y,1b9136da634721c91582c34b312a3a4a9837177f3315d6f74bbf02a15541f645
STOMACHION-403,403,101,N,6124c295a825b67dfa2aa575494d209575846efa8c6229d19bbcb918794ddff9
STOMACHION-404,404,101,Y,97e1bd8b41dbc03f6426a8d95acb0d56fef7de83e75b3d808bbb60491fa0217a
STOMACHION-405,405,102,N,ba06332ae2086d80a4ae9f52fc5fdcbaa49e9826d8e18a1c2787389ecb025d9c
STOMACHION-406,406,102,Y,1e5e3a40c4113063c21e5514618edb161797180412e6cdb1230aa1f97bab3fe4
STOMACHION-407,407,102,N,5dc954dfe1394595aa8459f2e1010087625e2056f2f0947879fda4bf373bd6c5
STOMACHION-408,408,102,Y,4075d70f4825367e792303ebb21b0ea8cd31ce00e2beaf61cb560f46bfca9584
STOMACHION-409,409,103,N,70eca89cd74e7777ed2f146ecef5562498f241df860161172ee48f979198334a
STOMACHION-410,410,103,Y,02b2dc317201696831fcf724cdab50db3c120e777f2bc76c4e23684952568624
STOMACHION-411,411,103,N,f0c6a958122b00b3465d5ac9f3d604dca33d2172f959650b452f41781321fe87
STOMACHION-412,412,103,Y,081a2deacf5c3e6b979c1a2d2a2a606ac3a18ec934222d04c0caa97f3f2c64f1
STOMACHION-413,413,104,N,e3068dbc822d760d25fcd01dc58f9ef8972847e04520e9f3833133fa96af5f9b
STOMACHION-414,414,104,Y,984293fe9df5dad887759d3aa1759eb6ce501f1601b1ea25c86b50c003c97340
STOMACHION-415,415,104,N,926d9926ffcb572d129d642283ab9c5d70619ccab76e5ee07ad89ab855343b5a
STOMACHION-416,416,104,Y,9de9c6c47c0effe1732928fcfd7fcaa542c80000d0612a95431c04b8d1872e5f
STOMACHION-417,417,105,N,47192753a701dbd96327d9782a248631fcbf180d3936bb5a9754d41085285a9a
STOMACHION-418,418,105,Y,abe32e72095c3f05b75600c5e459f84f57a5649d9417ddf7d8aa97a54af4dada
STOMACHION-419,419,105,N,d8b90db0ef9118f9c7eb4d34dcab7d1858e8582bb4cc6ee00750a82e6486c970
STOMACHION-420,420,105,Y,30338a3b8f3955eae45f13f2b86b4ec36285c69909deafa6dde39c4c066c1408
STOMACHION-421,421,106,N,da75f37aec56d45c4ed2e503e1766ba8c8281e7ff5b124cfe73111bd37f89a28
STOMACHION-422,422,106,Y,7fcb16a317c2e6bb6f6d5d05fd2c92fada240319c50eefb829fcb8741b921a2e
STOMACHION-423,423,106,N,700e7b9a861cbe72e2c922a7278455d0dc37ab110f7a4db379aeca11f8953851
STOMACHION-424,424,106,Y,871c180b80fb398e83309c3a1b6ca68c8e91ae60f19104ab2365f796ceca437a
STOMACHION-425,425,107,N,4348263637a812fd5c2cfe91f5ecc0e51240125dd49a8d6bc7ccd05e8d40498c
STOMACHION-426,426,107,Y,65ec105ef3c5e59d92be060917e2fce1b6a8052dc9d87996f22bd66daed9e2c7
STOMACHION-427,427,107,N,30e2b99c6e4c50d70bd28069c303f028631df67a79674805ec1b4f7493128915
STOMACHION-428,428,107,Y,28e54cdceec8166cc9e93b0f9d2cd7869917dd939903479ca1b5f74256da149f
STOMACHION-429,429,108,N,6bf061119ae1eb84fb1c2354a7a2674f7e6056055282a24cae0c4503e9aa18f3
STOMACHION-430,430,108,Y,55d87a2375c289afe1da7c3c050937c4e4d5fc10f7022ba0f6c99b76cfa29090
STOMACHION-431,431,108,N,d2d11579db56eecc678b1efa97cc31e3a95ec0261a0217018e4c13d6df20f681
STOMACHION-432,432,108,Y,dab19454b48da40d022cc5b248ebfce625fa8b70268e0afadda6801c57ba2004
STOMACHION-433,433,109,N,50be4ad8be1fd40c1e508cc0d82094da557fe4fa53b69574109ee55f40011ec3
STOMACHION-434,434,109,Y,5353f91d5a1c1bf8e3d5abef73603e6f3c21b34931ae28f4888c28bd36d3da8e
STOMACHION-435,435,109,N,9c98ac098c7b848456f3ba97f563f6e9b267810f161d4e409d9f5773a97830f8
STOMACHION-436,436,109,Y,0cce9e93703a973222c7bb9a4f463567fa77c84c013b1df4af2ed8e88615302d
STOMACHION-437,437,110,N,ac5e878268e8e70a01df426cee49dec916ecdb567d21f1cadfeec53d78884e81
STOMACHION-438,438,110,Y,e5842b9b053d30b494ca45802f869f5a49e7d56b59df81cb302ab24128310146
STOMACHION-439,439,110,N,d0a4e7b802b38344ed2c37ef4afe15c6d7f81fcea832e1005f58516db0ed4466
STOMACHION-440,440,110,Y,782ff34220b6acb696f44340afae96be617d1c436323078f1f92d7a9a3abbb7f
STOMACHION-441,441,111,N,85d0ef767c741054fd6f0c30fbe761b4b9478e72425d307c423416793d9f2d6f
STOMACHION-442,442,111,Y,64784e6a13eb9b2335f323c8b2be5d13fdb426ab73f3d908f96c2e625d055c24
STOMACHION-443,443,111,N,06047023167a08541f422996360cd1055196fc6b8dd99ae37e6a923c8586f869
STOMACHION-444,444,111,Y,31d165913487fd1cab1b874af65834f6727766fe7abb9b82ceca8e1d891484fd
STOMACHION-445,445,112,N,f106fcf868c928a3830677ef0bdec2efa1b8e6931d6f6f4ebde37024a3c74d34
STOMACHION-446,446,112,Y,fe7487e796a6671d26fe7123516ea57361d834cb70584ead7449483b62b59d87
STOMACHION-447,447,112,N,c901511b3cc7d55ea2ea95e5bbeed43e9c7902788226d71c704478a21add4d5f
STOMACHION-448,448,112,Y,fe38cf8916f20672ea0ac68932d738382414061e55e991556fb6d25034099507
STOMACHION-449,449,113,N,c8fe8c345e8f07b6e0efa8b98c7342720c517883fbb6b19b72fc698e28aa77e3
STOMACHION-450,450,113,Y,8e637572f2604227bbd366161b9ca7a3e42a026c6db1cd0e4fc3d2795dd8870b
STOMACHION-451,451,113,N,b1788d8036f2b3fcbcc13ca6aab509cfb528bcab17156f0fc2c7ca84ebabee27
STOMACHION-452,452,113,Y,0b1537a0896b57f018c0c6e1d86ff9a761136492cbedc67cc45d8393eaf18374
STOMACHION-453,453,114,N,be45e800b97e92614ccd102403fe235a79d26e9fa7e918fa65a234fa2066875d
STOMACHION-454,454,114,Y,856d004fe0ccd474aa878758b0032285e6a03d4a2ee4f9f6d91451650b9ce171
STOMACHION-455,455,114,N,b6a878eab442dbfa26f044a91572f79de0d1897a0bc377a5ee377b51b1afdac6
STOMACHION-456,456,114,Y,bfade5e938493d11ad118eadd16f94044e41405a926126336723c10ea405f62d
STOMACHION-457,457,115,N,a87ab744298a0362b221ffc18667ab504f9f172965e481c6c200c24075e6c8e9
STOMACHION-458,458,115,Y,32564f244d9a5cb428a52d2d5031db05d8a6582fdb1cd12cfbc392ff7e0e9952
STOMACHION-459,459,115,N,c3dee72ce20ab47a8a0bfa78d1d4c68c05d53a22f9d4fd2121994034cac813ae
STOMACHION-460,460,115,Y,6fbb5d603fab084de4152a73d38db82e0cd2d8d8b3a24f3c1d1fcf6a31664b22
STOMACHION-461,461,116,N,0b94f0797968edfa5fda61894a98b614544b6cd0a2ebef890f774e67c1825bc9
STOMACHION-462,462,116,Y,c816f76edafd2407e6eb331a36d14853164a12dbe5544aad0467cbb27760aee3
STOMACHION-463,463,116,N,38096121db5cc1840b54fc1f389239aa24f3dac1b786be196d91d438a7a6b8df
STOMACHION-464,464,116,Y,6fecc2df74bcf09ab1ed44ad90e9e9c2d7638ceddf26dd13dbe0deeb17e638a2
STOMACHION-465,465,117,N,180e6fe44c3a6994d110e2fa7c21b8cf3a3ecd4f57eaf076386c78cd90ea2042
STOMACHION-466,466,117,Y,2a98ac44aba07ff18e022bbcd4edd741469e9c5d03e070bf52d25f4bca23eb50
STOMACHION-467,467,117,N,2ed29202def81d618ff78ac9e09756995dbdd7dfbee423ef68be3ffe7fe1ca4e
STOMACHION-468,468,117,Y,5ed5d528721e29ec364cfa9d8be41d3d1db498247b0acd180229b748c2bf8d23
STOMACHION-469,469,118,N,e36515bc03d7f72603a0124f02f445076d8a5c3dfa866f12bcbcd193df19c85f
STOMACHION-470,470,118,Y,1c67f0129dba160daef585649e8e04f00323f76ac289f705f27b0eeaa2b3af74
STOMACHION-471,471,118,N,125d91f796f539a55e540263c3b48d9b7abfd658672dfc74e17380ea0a46359d
STOMACHION-472,472,118,Y,d8cccba58f5afb30fbdf6d234e41abaf058dcd6f77f32b340a214f813342ff62
STOMACHION-473,473,119,N,cc21efd3b8274e8bbae03e936968665681be5d80434ba8d052ca3bdbb1514d0d
STOMACHION-474,474,119,Y,b4621348a81fc9598766bad7ac5438d2efdffd493460ccbdceef1a5024ce32b5
STOMACHION-475,475,119,N,20ce0981c5f96269bd6454e108e9641cdc1e7ba272f7c45e201f71ecb25eb68b
STOMACHION-476,476,119,Y,1e73179ca5b124e318a4125206e0e3e90377ec7751104a50f7711e48f82e2c95
STOMACHION-477,477,120,N,cf1a817494b53355ab1151fba6f7c16e51f66171846693ce1025157b170beacf
STOMACHION-478,478,120,Y,604df85467db0625e3b5d4b22c1774239078bac9ca89f17c38d52127581e6aef
STOMACHION-479,479,120,N,548bae3963f325de0a87a05a9dcd80a896569f7fc61e9b5785ddb93c660373d0
STOMACHION-480,480,120,Y,7030115d1e39e39f6e6f8cbd1bacf0e9ca2edf7b49808b9d196d1736f7768f38
STOMACHION-481,481,121,N,355a682815a79e7ede16a672e2cbb5a38e017e548ee1822255d042f8e7193925
STOMACHION-482,482,121,Y,94751654e9a00418ef63c069e3cafb5793ba546a4e5d9fb242ecb7870fe2506c
STOMACHION-483,483,121,N,0487245a884410a73b1e2367267c0d32808c1f90f716273716f44db0a03daaad
STOMACHION-484,484,121,Y,73696f449ad83cc117f5e927f0e3cada395fb3eede1b6454e48d0ce62598f957
STOMACHION-485,485,122,N,932fb0e7d098d5f55218e4322aa1f5383f7fcbb492e5fa6c46fd3cb4c3ea8c23
STOMACHION-486,486,122,Y,8f9aea48322a877c9be452ca48591412097662fc2de4a3556975b29913737619
STOMACHION-487,487,122,N,87dbc034e617f2b474e78cffd9ac2aa4f8b2860671b74e89ccdff833af8eac15
STOMACHION-488,488,122,Y,2e8e8ed9bfce351dc4b465ff2cc793643c8a72db5ad28ab796efe06f1a2402bd
STOMACHION-489,489,123,N,be8417c365385a633d51eb1f49fc76f9b5ed5091de92745bea55fe4856a32131
STOMACHION-490,490,123,Y,f26e56d88ed689a96724e003a64a611a974917816a0026132a8136514e77e7a2
STOMACHION-491,491,123,N,797c0c5094b6577c42c3ecce6ef08c1b3a9fbe40c046a39b29b71551bd8ed20e
STOMACHION-492,492,123,Y,1288c31ba02ab89ae81c58901a6b04b1fe041f60756a4c161a284fdd0fac1857
STOMACHION-493,493,124,N,d86a1c9efbe5fbfebc588b2aba2c70051a68cb487549b2e570fe560727e3c044
STOMACHION-494,494,124,Y,3dcbb258a0797d1495cfab21ded1380a7deff518d822446a4787576d1e347cca
STOMACHION-495,495,124,N,fabe255edde0ec044ff9645dd9c5db6103b7b110869c3bf0f4fb5da095e4520f
STOMACHION-496,496,124,Y,e620a61a22342e790ed10eb1546469fb80a6da1249776bfbcfef8f08cfec7591
STOMACHION-497,497,125,N,7ff010a5ac898722cd88496d101ff148e506fe2156b04d479183fdabc46feb63
STOMACHION-498,498,125,Y,754a466230491d8f3d08aead576c60efc81acd5aa9b1b8cbaa3dacd673c30d17
STOMACHION-499,499,125,N,a23d9e9578f6043559e79944e71ec6e905b58bdc4f8ebfb1d421f7ae4a2f1c87
STOMACHION-500,500,125,Y,3f14155616e055b7dc9432c5e5acfb56e3d87b47009665f4a744fa300f46edde
STOMACHION-501,501,126,N,9b541df05826ff07d9987bbe91c808a4bef93406256673f1a1fb530f19df656d
STOMACHION-502,502,126,Y,b9aff1644435ec7cbc850a91e73ce2950c40f4c213661b46395ecac43f31c9d9
STOMACHION-503,503,126,N,2fc5fa951be68f96b4ae0f38a569b4a079f8d472df75d9d746fd686a1094597a
STOMACHION-504,504,126,Y,9bbdd2c8436e5ee9f9feff149c79e938a19c80f648f8140f90c3be31104ea616
STOMACHION-505,505,127,N,a999d2ba49640cf3cc939e379c77a3abdf521159684c6f795ff7194586523586
STOMACHION-506,506,127,Y,1b50aa4fdfeb5020918bff81119e5b755d47dd83a59a024f6e0c7cf822bcd575
STOMACHION-507,507,127,N,99f4cca6d2f7b55d40f650f6b1793d9f56cc84b57fe696e781e434d4849ba83a
STOMACHION-508,508,127,Y,983171f757cd4593f3d48b74187a4b934bec9dae844bca77126c026f18775c4c
STOMACHION-509,509,128,N,4aa1ec317af8e69420e28f5bc0e7b2e78c0e8e8d8d59be522754ba0b3fc30432
STOMACHION-510,510,128,Y,7a0d61c56ab4219f9550a5a9e02a5e67526bf79e13abcf1a6ba9d514acf8c9ca
STOMACHION-511,511,128,N,7c90705506c93f84e0a2960073fd212b3b66349de5ccdacec488085dd1d067ac
STOMACHION-512,512,128,Y,a162f84896f05191e15fd821cd2f708d589df7fcc0fda4cf7f62210fd6a145f1
STOMACHION-513,513,129,N,2d0d8f836c912ff17dd05e73f738d0afe2202723de0fe28283dd8ddf98c69a67
STOMACHION-514,514,129,Y,c62ff49d1437d941b5f34337eebc79fefda02e90535ccbb1ca995fa72d6413e5
STOMACHION-515,515,129,N,ec166b7944c44486d06fb89c8bca49b42435343d0c9bb45e18641ff2386c6982
STOMACHION-516,516,129,Y,9039a4b6049a2d6824b785d4f404801df8cb5b80359dcee3d1a142c61ac553ec
STOMACHION-517,517,130,N,3d6e81278590fbd5111d4ddee457be126beda4114fa5bde94615ee11d3fa706f
STOMACHION-518,518,130,Y,19b1953c4bd268f4ea2132f81a7b60facffa1ea2ff6c680e0f7da4db7f26fd93
STOMACHION-519,519,130,N,f134cc07aad0f63b9ce5fe36c0280fd634190759cf607279253c07fd2a32e169
STOMACHION-520,520,130,Y,3a2a6db054eba7d5e9dab187174380d964e07dc54a59fdf8fdd0a9eee3325c06
STOMACHION-521,521,131,N,b551574ed208530e29d1954b91d0f7cc354bca446cbc0957daca88e7f7895a2f
STOMACHION-522,522,131,Y,adc96abfbda743af40bd9fced311c34f3db76037e94aa09c1611d6b5e589963c
STOMACHION-523,523,131,N,5bc7f91daa835034b754eaa0157b2faa03ba1a77244cddac1cec2212d4e1eff0
STOMACHION-524,524,131,Y,f499b0887e3af845a05cbfd1a582b845a6347320109d61386bc1847d5346289c
STOMACHION-525,525,132,N,97d2b335cf18847e71e982f1c64477f91034d97a4e0d17604ba595d65d2aeba4
STOMACHION-526,526,132,Y,aa954dd917d40aaa1ceff526cd3d9b32074c28ceae189431ff5e453deb54a9fc
STOMACHION-527,527,132,N,255a965a1a3c9d71bf0a0145e7c3edc9030e2277d7e876f4fd3891345dd18deb
STOMACHION-528,528,132,Y,0138c3eba94ecf21715a36b87e2b2880e5ff5430c1a0e19660d98c6fc3b33dfd
STOMACHION-529,529,133,N,91cff2f8ca07ca713cd492437e873c2859a422aca416d2efe90b3f685f550c76
STOMACHION-530,530,133,Y,3c4b95575fea675d48d7ee2c19e29105f5f8e11fddd70abe5c7704d9f2ff0455
STOMACHION-531,531,133,N,090cb98e9ae184e60a35a211c1b21e8eaad651c5483f196afbe76d27eb316553
STOMACHION-532,532,133,Y,f1126198054a08e798be2c07690c5ceda77e14a4b58fa4d32de34f136cd6108d
STOMACHION-533,533,134,N,2285a91fcf9863eb975c852fd561ebdf5611f18526c210d836478d6153a86cce
STOMACHION-534,534,134,Y,5cc78c3bb51c8db1d32b83312fd5deea24cc311883f7982d72bcb7fe3e75bd10
STOMACHION-535,535,134,N,d94d54e6b20a6a8eb41f6575d8b205e9674f69327838b1a5f670634f7dab77a9
STOMACHION-536,536,134,Y,e0db2257376767eaeb37d53e379c347619bb3ebd1b9acdd552bcee8aa00e27be
